{
  "total": 10,
  "good_1": {
    "image": "images/b1.jpg",
    "desc": "물리박사 김상욱의 수상한 연구실",
    "price": "12,500",
    "url": "a.html"
  },
  "good_2": {
    "image": "images/b2.jpg",
    "desc": "도시와 그 불확실한 벽",
    "price": "17,550",
    "url": "a.html"
  },
  "good_3": {
    "image": "images/b3.jpg",
    "desc": "세계지도를 펼치면 돈의 흐름이 보인다",
    "price": "17,820",
    "url": "a.html"
  },
  "good_4": {
    "image": "images/b4.jpg",
    "desc": "마시지 않을 수 없는 밤이니까요",
    "price": "15,300",
    "url": "a.html"
  },
  "good_5": {
    "image": "images/b5.jpg",
    "desc": "세븐틴 헤븐 캐럿한 앨범 세븐틴스 11...",
    "price": "12,300",
    "url": "a.html"
  },
  "good_6": {
    "image": "images/b6.jpg",
    "desc": "야나두키즈 12개월 통합이용권 ",
    "price": "103,550",
    "url": "a.html"
  },
  "good_7": {
    "image": "images/b7.jpg",
    "desc": "죽어나간 시간을 위한 애도",
    "price": "16,020",
    "url": "a.html"
  },
  "good_8": {
    "image": "images/b8.jpg",
    "desc": "생각이 너무 많은 어른을 위한 심리학",
    "price": "16,020",
    "url": "a.html"
  },
  "good_9": {
    "image": "images/b9.png",
    "desc": "야나두키즈1년통합이용권+영어전집..",
    "price": "160,550",
    "url": "a.html"
  },
  "good_10": {
    "image": "images/b10.jpg",
    "desc": "기적의 자세요정",
    "price": "19,800",
    "url": "a.html"
  }
}
