{
  "total": 16,
  "good_1": {
    "image": "images/e1.jpg",
    "url": "a.html"
  },
  "good_2": {
    "image": "images/e2.jpg",
    "url": "a.html"
  },
  "good_3": {
    "image": "images/e3.jpg",
    "url": "a.html"
  },
  "good_4": {
    "image": "images/e4.jpg",
    "url": "a.html"
  },
  "good_5": {
    "image": "images/e5.jpg",
    "url": "a.html"
  },
  "good_6": {
    "image": "images/e6.jpg",
    "url": "a.html"
  },
  "good_7": {
    "image": "images/e7.png",
    "url": "a.html"
  },
  "good_8": {
    "image": "images/e8.jpg",
    "url": "a.html"
  },
  "good_9": {
    "image": "images/e9.jpg",
    "url": "a.html"
  },
  "good_10": {
    "image": "images/e10.jpg",
    "url": "a.html"
  },
  "good_11": {
    "image": "images/e11.jpg",
    "url": "a.html"
  },
  "good_12": {
    "image": "images/e12.jpg",
    "url": "a.html"
  },
  "good_13": {
    "image": "images/e13.png",
    "url": "a.html"
  },
  "good_14": {
    "image": "images/e14.jpg",
    "url": "a.html"
  },
  "good_15": {
    "image": "images/e15.jpg",
    "url": "a.html"
  },
  "good_16": {
    "image": "images/e16.jpg",
    "url": "a.html"
  }
}
