{
  "total": 8,
  "good_1": {
    "image": "images/l1.jpg",
    "badge": "방송예정",
    "name": "[에듀트립] 글로벌 캠프 첫방 기념 최초 할인! 채팅 참여만 해도 경품 추첨",
    "date": "11월 08일 (수)",
    "time": "11:00",
    "url": "a.html",
    "ig_class": "live-product-img",
    "good_image": "images/lp1.png",
    "good_tittle": "새로운 여행, 컨셉 트립 기획전",
    "good_discount": "",
    "good_price": "",
    "good_url": "a.html"
  },
  "good_2": {
    "image": "images/l2.png",
    "badge": "방송예정",
    "name": "제주 자연 속에서 즐기는 온전한 쉼 ✨ 파르나스 호텔 제주",
    "date": "11월 23일 (목)",
    "time": "19:00",
    "url": "a.html",
    "good_image": "",
    "good_tittle": "",
    "good_discount": "",
    "good_price": "",
    "good_url": "a.html"
  },
  "good_3": {
    "image": "images/l3.png",
    "badge": "VOD",
    "name": "네스트호텔 최대 73% 라이브특가",
    "date": "",
    "time": "",
    "url": "a.html",
    "ig_class": "live-product-img",
    "good_image": "images/lp3.jpg",
    "good_tittle": "네스트호텔 라이브 구매하러 가기!",
    "good_discount": "73",
    "good_price": "125100",
    "good_url": "a.html"
  },
  "good_4": {
    "image": "images/l4.jpg",
    "badge": "VOD",
    "name": "[나트랑] 스완도르 올인클루시브 5일 70만원대~",
    "date": "",
    "time": "",
    "url": "a.html",
    "ig_class": "live-product-img",
    "good_image": "images/lp4.png",
    "good_tittle": "[카쇼라X스완도르 리조트] 올인클루시브 나트랑 3박 5일",
    "good_discount": "",
    "good_price": "749000",
    "good_url": "a.html"
  },
  "good_5": {
    "image": "images/l5.jpg",
    "badge": "VOD",
    "name": "전라도 특집 여수/전주/광주",
    "date": "",
    "time": "",
    "url": "a.html",
    "ig_class": "live-product-img",
    "good_image": "images/lp5.jpg",
    "good_tittle": "히든베이 호텔",
    "good_discount": "81",
    "good_price": "84950",
    "good_url": "a.html"
  },
  "good_6": {
    "image": "images/l6.jpg",
    "badge": "VOD",
    "name": "진에어 동계 잔여석 & 3월 출발 단독 특가! 방송 중에만 제휴카드로 결제시 15% 추가 할인 🎁",
    "date": "",
    "time": "",
    "url": "a.html",
    "ig_class": "live-product-img",
    "good_image": "images/lp6.jpg",
    "good_tittle": "[실시간 항공권] 인천 ↔ 오사카",
    "good_discount": "73",
    "good_price": "217900",
    "good_url": "a.html"
  },
  "good_7": {
    "image": "images/l7.jpg",
    "badge": "VOD",
    "name": "용평리조트 최대 85% 라이브 특가! 7만원대~",
    "date": "",
    "time": "",
    "url": "a.html",
    "ig_class": "live-product-img",
    "good_image": "images/lp7.jpg",
    "good_tittle": "용평리조트",
    "good_discount": "80",
    "good_price": "72000",
    "good_url": "a.html"
  },
  "good_8": {
    "image": "images/l8.jpg",
    "badge": "VOD",
    "name": "[이달의 여행] 코타키나발루 특가를 다 모았다!",
    "date": "",
    "time": "",
    "url": "a.html",
    "ig_class": "live-product-img",
    "good_image": "images/lp8.png",
    "good_tittle": "[이달의 여행] 코타키나발루 특가모음🎉",
    "good_discount": "",
    "good_price": "",
    "good_url": "a.html"
  }
}
