{
  "total": 12,
  "good_1": {
    "image": "images/r1.jpg",
    "discount": "24",
    "price": "7500",
    "desc": "[스포츠파크]  노스페이스 겨울 구스다운 패딩 슬립온 NS93M50",
    "url": "a.html"
  },
  "good_2": {
    "image": "images/r2.jpg",
    "discount": "38",
    "price": "12500",
    "desc": "서울우유 멸균 초코/딸기/흰우유 24팩/48팩 외",
    "url": "a.html"
  },
  "good_3": {
    "image": "images/r3.jpg",
    "discount": "",
    "price": "15500",
    "desc": "[최종가 10,850원] 17~18브릭스 미니 꿀사과 엔비사과 2kg (5-9과/가정용/펜시등급)",
    "url": "a.html"
  },
  "good_4": {
    "image": "images/r4.png",
    "discount": "22",
    "price": "6900",
    "desc": "[I*POP] 아이팝 스파클링 워터 플레인 / 아이팝 탄산수 / 강탄산 / 진짜 먹는 샘물로 만든 탄산수",
    "url": "a.html"
  },
  "good_5": {
    "image": "images/r5.jpg",
    "discount": "24",
    "price": "7820",
    "desc": "큐라이프 니트릴장갑 200매 (색상 블랙, 화이트 / 사이즈 S, M, L 선택)",
    "url": "a.html"
  },
  "good_6": {
    "image": "images/r6.jpg",
    "discount": "22",
    "price": "26000",
    "desc": "아모스 04 스타일 컬링 2X 에센스 150ml",
    "url": "a.html"
  },
  "good_7": {
    "image": "images/r7.jpg",
    "discount": "52",
    "price": "32900",
    "desc": "[김혜자 세제] 프로쉬 공식몰 독일 식기세척기세제 그린레몬 50개입 2개+주방세제 1개+펌프 1개 증정",
    "url": "a.html"
  },
  "good_8": {
    "image": "images/r8.jpg",
    "discount": "25",
    "price": "10410",
    "desc": "제주 삼다수 2L 12병 (유/무라벨 랜덤발송)",
    "url": "a.html"
  },
  "good_9": {
    "image": "images/r9.png",
    "discount": "2",
    "price": "8240",
    "desc": "단하루! 베베숲 센시티브 20매 휴대 캡 12팩외 휴대용 아기 물티슈 모음/ 외출 필수품.",
    "url": "a.html"
  },
  "good_10": {
    "image": "images/r10.jpg",
    "discount": "29",
    "price": "34900",
    "desc": "[스포츠파크] 뉴발란스 남성 UNI 에센셜 스물로고 맨투맨 4종택1",
    "url": "a.html"
  },
  "good_11": {
    "image": "images/r11.jpg",
    "discount": 13,
    "price": "18260",
    "desc": "샤오미 미지아 가습기2/미지아 스마트 살균가습기2/MJJSQ06DY/관부가세포함",
    "url": "a.html"
  },
  "good_12": {
    "url": "go.html"
  }
}
